r0001.png,mip8zl
r0002.png,i44f
r0003.png,345egc
r0004.png,upvt48
r0005.png,2rwyc
r0006.png,lan3u
r0008.png,zcy7k8
r0009.png,nu635v
r0010.png,r6l4
r0011.png,rp7g
r0012.png,5ebn2
r0013.png,ew94cg
r0100.png,9y2kfk
r0101.png,cdy5
r0103.png,7ezprb
r0104.png,58b7n
r0105.png,uk77b
r0106.png,aen4r
r0107.png,7mek4
r0108.png,szk6e
r0109.png,lezf3
r0110.png,bl8sz
r0111.png,5tzlar
r0112.png,9hhguz
r0113.png,kwmbwc
r0114.png,3z6bzc
r0115.png,8tcsk
r0117.png,uand9d
r0118.png,akzr
r0119.png,8nde
r0120.png,zg4m
r0121.png,2kgt7
r0122.png,54gp
r0123.png,3ef8f
r0124.png,d7r3w
r0125.png,rbmush
r0126.png,6a7ap4
r0128.png,vy8k
r0129.png,t3gc
r0130.png,zt8e
r0131.png,v4csel
r0132.png,88f3
r0133.png,wszwd4
r0134.png,8rpzsp
r0135.png,gzpk
r0136.png,5ddey
r0137.png,zl6dub
r0138.png,a8c8e
r0139.png,pkew
r0142.png,z6f6z
r0143.png,4p7mzs
r0144.png,65klgw
r0145.png,zns72
r0146.png,ckvwhb
r0147.png,bt8d4
r0148.png,zdp8kk
r0149.png,bygt
r0151.png,4y6gs8
r0153.png,bb27a
r0155.png,4wlgv
r0156.png,gsutb
r0157.png,l6u2p
r0158.png,4m5t69
r0159.png,l2n8
r0160.png,fk65v
r0161.png,aunll
r0162.png,tp9l
r0163.png,8vlf
r0164.png,67sb
r0166.png,vwdum6
r0167.png,5v62e
r0168.png,wwe33
r0169.png,gmc5
r0170.png,3hcg
r0200.png,ppa5s
r0201.png,2r3w
r0203.png,6ee7g
r0204.png,cdwu
r0205.png,ld3ggu
live_55u96.png,55u96
r0206.png,fdsr
r0207.png,3fwug
r0208.png,lbkut
r0210.png,u5vl
r0213.png,sfpv
r0214.png,75lr
r0215.png,ctdz9
r0216.png,yngg
r0219.png,zyphhz
r0220.png,whvd
r0221.png,2wea
r0222.png,neeyz3
r0223.png,ul5f
r0224.png,2nfe4
r0225.png,4ksv
r0226.png,m4sr
r0227.png,cz2z5w
r0228.png,7pueak
r0229.png,faz7k
r0230.png,a9dn8
r0232.png,dwb6
r0233.png,t7bl
r0234.png,tca4
r0236.png,2zatzl
r0238.png,m5zlas
r0239.png,lu2zp
r0240.png,u2chp
r0241.png,pt52m5
r0242.png,t6akfh
r0243.png,g8h2
r0244.png,z66wk8
r0245.png,w4p6e
r0246.png,c9yz4
r0248.png,354mk
r0249.png,88y9
r0250.png,yv5r
r0252.png,tydtl
r0253.png,h5pz
r0254.png,zbs6w
r0255.png,n2nt
portal_001_mrth3b.png,mrth3b
portal_002_ew285c.png,ew285c
portal_004_zfwwg.png,zfwwg
portal_005_dm6vp.png,dm6vp
portal_006_rznb.png,rznb
portal_007_ueng.png,ueng
portal_008_ufz7.png,ufz7
portal_009_pehze.png,pehze
portal_011_77gb.png,77gb
portal_013_eyrzv9.png,eyrzv9
portal_014_k6az6.png,k6az6
portal_016_pd9e.png,pd9e
portal_020_3p8frv.png,3p8frv
portal_021_8zhyh4.png,8zhyh4
portal_022_sdvb.png,sdvb
portal_026_8at6lz.png,8at6lz
portal_028_szl6r6.png,szl6r6
portal_031_5wmp.png,5wmp
portal_033_ve2l.png,ve2l
portal_034_kpyp.png,kpyp
portal_035_764hk5.png,764hk5
portal_037_c3ke.png,c3ke
portal_038_ftlu9.png,ftlu9
portal_039_ysy3.png,ysy3
portal_recusada_r003.png,95kg6
portal_recusada_r017.png,p6swp
portal_recusada_r030.png,nf8d
portal_recusada_r036.png,gzfet9
